{
  "overall": {
    "Positive": 0.5840220385674931,
    "Neutral": 1.306706114398422,
    "Negative": 1.9140483929216323
  },
  "ticker": {
    "Positive": 0.5922743458739743,
    "Neutral": 1.1906318082788672,
    "Negative": 2.119977833194791
  }
}