{
  "Standard": {
    "accuracy": 0.6492146596858639,
    "macro_f1": 0.6509494794810395,
    "precision": 0.6702892443090462,
    "recall": 0.6655527405173799,
    "confusion_matrix": [
      [
        109,
        62,
        11
      ],
      [
        14,
        68,
        19
      ],
      [
        2,
        25,
        71
      ]
    ],
    "n_samples": 382,
    "ticker_accuracy": 0.5820433436532507
  },
  "Optimized": {
    "accuracy": 0.6361256544502618,
    "macro_f1": 0.6273107533263788,
    "precision": 0.6359722700090908,
    "recall": 0.6419090103672848,
    "confusion_matrix": [
      [
        114,
        52,
        16
      ],
      [
        15,
        56,
        30
      ],
      [
        2,
        23,
        73
      ]
    ],
    "n_samples": 382,
    "ticker_accuracy": 0.5851393188854489
  },
  "VADER": {
    "accuracy": 0.5,
    "macro_f1": 0.289395375268875,
    "precision": 0.480096439930235,
    "recall": 0.36855412385822567,
    "confusion_matrix": [
      [
        179,
        0,
        3
      ],
      [
        96,
        1,
        4
      ],
      [
        86,
        1,
        11
      ]
    ],
    "n_samples": 382,
    "ticker_accuracy": null
  }
}