{
  "Standard": {
    "accuracy": 0.6513207547169811,
    "macro_f1": 0.653291282360989,
    "precision": 0.6659013736687761,
    "recall": 0.6771123405535411,
    "confusion_matrix": [
      [
        395,
        230,
        43
      ],
      [
        45,
        232,
        60
      ],
      [
        16,
        62,
        236
      ]
    ],
    "n_samples": 1325,
    "ticker_accuracy": 0.5685483870967742,
    "per_class": {
      "Positive": {
        "precision": 0.8662280701754386,
        "recall": 0.5913173652694611,
        "f1": 0.702846975088968
      },
      "Neutral": {
        "precision": 0.4393939393939394,
        "recall": 0.6884272997032641,
        "f1": 0.5364161849710982
      },
      "Negative": {
        "precision": 0.6920821114369502,
        "recall": 0.7515923566878981,
        "f1": 0.7206106870229008
      }
    }
  },
  "Optimized": {
    "accuracy": 0.6490566037735849,
    "macro_f1": 0.6444920325906699,
    "precision": 0.6469129020140806,
    "recall": 0.6678629454127334,
    "confusion_matrix": [
      [
        409,
        205,
        54
      ],
      [
        54,
        207,
        76
      ],
      [
        19,
        51,
        244
      ]
    ],
    "n_samples": 1325,
    "ticker_accuracy": 0.5766129032258065,
    "per_class": {
      "Positive": {
        "precision": 0.8485477178423236,
        "recall": 0.6122754491017964,
        "f1": 0.711304347826087
      },
      "Neutral": {
        "precision": 0.44325481798715205,
        "recall": 0.6142433234421365,
        "f1": 0.5149253731343284
      },
      "Negative": {
        "precision": 0.648936170212766,
        "recall": 0.7770700636942676,
        "f1": 0.7072463768115942
      }
    }
  },
  "VADER": {
    "accuracy": 0.5449056603773584,
    "macro_f1": 0.4239148639880624,
    "precision": 0.5297538195371679,
    "recall": 0.4336563882950612,
    "confusion_matrix": [
      [
        585,
        41,
        42
      ],
      [
        256,
        51,
        30
      ],
      [
        217,
        11,
        86
      ]
    ],
    "n_samples": 1325,
    "ticker_accuracy": null,
    "per_class": {
      "Positive": {
        "precision": 0.549812030075188,
        "recall": 0.875748502994012,
        "f1": 0.6755196304849884
      },
      "Neutral": {
        "precision": 0.49514563106796117,
        "recall": 0.1513353115727003,
        "f1": 0.2318181818181818
      },
      "Negative": {
        "precision": 0.5443037974683544,
        "recall": 0.27388535031847133,
        "f1": 0.3644067796610169
      }
    }
  }
}